{
  "camera_model": "PINHOLE",
  "intrinsics": {
    "width": 512,
    "height": 512,
    "fx": 711.1111111111111,
    "fy": 711.1111111111111,
    "cx": 256.0,
    "cy": 256.0
  },
  "images": [
    {
      "image_id": 1,
      "file_name": "0000.png",
      "camera_id": 1,
      "camera_center_world": [
        0.0,
        14.950188636779785,
        0.0
      ],
      "quaternion_wxyz_world_to_camera": [
        3.0908619663705394e-08,
        3.0908619663705394e-08,
        -0.7071067690849304,
        0.7071067690849304
      ],
      "translation_world_to_camera": [
        1.3069869737591944e-06,
        -1.128707822317665e-06,
        14.950188636779785
      ],
      "world_to_camera": [
        [
          -1.0,
          -8.742277657347586e-08,
          0.0,
          1.3069869737591944e-06
        ],
        [
          -6.6002361555513294e-15,
          7.549790126404332e-08,
          -1.0,
          -1.128707822317665e-06
        ],
        [
          8.742277657347586e-08,
          -1.0,
          -7.549790126404332e-08,
          14.950188636779785
        ],
        [
          0.0,
          0.0,
          0.0,
          1.0
        ]
      ],
      "blender_world_to_camera": [
        [
          -1.0,
          -8.742277657347586e-08,
          0.0,
          1.3069869737591944e-06
        ],
        [
          6.6002361555513294e-15,
          -7.549790126404332e-08,
          1.0,
          1.128707822317665e-06
        ],
        [
          -8.742277657347586e-08,
          1.0,
          7.549790126404332e-08,
          -14.950188636779785
        ],
        [
          -0.0,
          0.0,
          -0.0,
          1.0
        ]
      ],
      "camera_to_world": [
        [
          -1.0,
          6.6002361555513294e-15,
          -8.742277657347586e-08,
          0.0
        ],
        [
          -8.742277657347586e-08,
          -7.549790126404332e-08,
          1.0,
          14.950188636779785
        ],
        [
          0.0,
          1.0,
          7.549790126404332e-08,
          0.0
        ],
        [
          0.0,
          0.0,
          0.0,
          1.0
        ]
      ]
    },
    {
      "image_id": 2,
      "file_name": "0001.png",
      "camera_id": 1,
      "camera_center_world": [
        -8.819043159484863,
        8.970112800598145,
        8.07896614074707
      ],
      "quaternion_wxyz_world_to_camera": [
        0.18156811594963074,
        0.332400381565094,
        -0.812222957611084,
        0.4436630606651306
      ],
      "translation_world_to_camera": [
        1.8374738885995612e-07,
        3.3429944323870586e-07,
        14.950191497802734
      ],
      "world_to_camera": [
        [
          -0.7130860686302185,
          -0.7010766863822937,
          -1.4901164746561335e-08,
          1.8374738885995612e-07
        ],
        [
          -0.378856360912323,
          0.38534611463546753,
          -0.8414132595062256,
          3.3429944323870586e-07
        ],
        [
          0.5898952484130859,
          -0.6000000238418579,
          -0.540392279624939,
          14.950191497802734
        ],
        [
          0.0,
          0.0,
          0.0,
          1.0
        ]
      ],
      "blender_world_to_camera": [
        [
          -0.7130860686302185,
          -0.7010766863822937,
          -1.4901164746561335e-08,
          1.8374738885995612e-07
        ],
        [
          0.378856360912323,
          -0.38534611463546753,
          0.8414132595062256,
          -3.3429944323870586e-07
        ],
        [
          -0.5898952484130859,
          0.6000000238418579,
          0.540392279624939,
          -14.950191497802734
        ],
        [
          0.0,
          0.0,
          -0.0,
          1.0
        ]
      ],
      "camera_to_world": [
        [
          -0.7130858898162842,
          0.3788563311100006,
          -0.5898950695991516,
          -8.819043159484863
        ],
        [
          -0.7010765671730042,
          -0.38534611463546753,
          0.5999999046325684,
          8.970112800598145
        ],
        [
          -1.8779976684868416e-08,
          0.8414132595062256,
          0.5403921604156494,
          8.07896614074707
        ],
        [
          0.0,
          0.0,
          0.0,
          1.0
        ]
      ]
    },
    {
      "image_id": 3,
      "file_name": "0002.png",
      "camera_id": 1,
      "camera_center_world": [
        1.2806236743927002,
        2.990037679672241,
        -14.592045783996582
      ],
      "quaternion_wxyz_world_to_camera": [
        0.1997450739145279,
        0.021992836147546768,
        0.10721082985401154,
        -0.973716676235199
      ],
      "translation_world_to_camera": [
        1.5751999171698117e-06,
        6.570677442141459e-07,
        14.950189590454102
      ],
      "world_to_camera": [
        [
          -0.9192365407943726,
          0.39370599389076233,
          8.940698137394065e-08,
          1.5751999171698117e-06
        ],
        [
          -0.3842744827270508,
          -0.8972155451774597,
          -0.21757185459136963,
          6.570677442141459e-07
        ],
        [
          -0.08565925061702728,
          -0.20000001788139343,
          0.9760443568229675,
          14.950189590454102
        ],
        [
          0.0,
          0.0,
          0.0,
          1.0
        ]
      ],
      "blender_world_to_camera": [
        [
          -0.9192365407943726,
          0.39370599389076233,
          8.940698137394065e-08,
          1.5751999171698117e-06
        ],
        [
          0.3842744827270508,
          0.8972155451774597,
          0.21757185459136963,
          -6.570677442141459e-07
        ],
        [
          0.08565925061702728,
          0.20000001788139343,
          -0.9760443568229675,
          -14.950189590454102
        ],
        [
          -0.0,
          -0.0,
          -0.0,
          1.0
        ]
      ],
      "camera_to_world": [
        [
          -0.9192363619804382,
          0.3842744529247284,
          0.08565925061702728,
          1.2806236743927002
        ],
        [
          0.39370590448379517,
          0.8972154855728149,
          0.20000000298023224,
          2.990037679672241
        ],
        [
          8.74227694680485e-08,
          0.21757185459136963,
          -0.9760442972183228,
          -14.592045783996582
        ],
        [
          0.0,
          0.0,
          0.0,
          1.0
        ]
      ]
    },
    {
      "image_id": 4,
      "file_name": "0003.png",
      "camera_id": 1,
      "camera_center_world": [
        8.912493705749512,
        -2.990037679672241,
        11.62476921081543
      ],
      "quaternion_wxyz_world_to_camera": [
        0.27073127031326294,
        0.765334963798523,
        0.550495982170105,
        -0.194733664393425
      ],
      "translation_world_to_camera": [
        -1.7575898425548075e-07,
        7.583284400425327e-08,
        14.950189590454102
      ],
      "world_to_camera": [
        [
          0.31806594133377075,
          0.9480684995651245,
          -1.4901161193847656e-08,
          -1.7575898425548075e-07
        ],
        [
          0.7371866106987,
          -0.24731752276420593,
          -0.6288003921508789,
          7.583284400425327e-08
        ],
        [
          -0.5961459279060364,
          0.20000001788139343,
          -0.7775668501853943,
          14.950189590454102
        ],
        [
          0.0,
          0.0,
          0.0,
          1.0
        ]
      ],