{
  "camera_model": "PINHOLE",
  "intrinsics": {
    "width": 512,
    "height": 512,
    "fx": 711.1111111111111,
    "fy": 711.1111111111111,
    "cx": 256.0,
    "cy": 256.0
  },
  "images": [
    {
      "image_id": 1,
      "file_name": "0000.png",
      "camera_id": 1,
      "camera_center_world": [
        0.0,
        14.976117134094238,
        0.0
      ],
      "quaternion_wxyz_world_to_camera": [
        3.0908619663705394e-08,
        3.0908619663705394e-08,
        -0.7071067690849304,
        0.7071067690849304
      ],
      "translation_world_to_camera": [
        1.3092537756165257e-06,
        -1.1306653959763935e-06,
        14.976117134094238
      ],
      "world_to_camera": [
        [
          -1.0,
          -8.742277657347586e-08,
          0.0,
          1.3092537756165257e-06
        ],
        [
          -6.6002361555513294e-15,
          7.549790126404332e-08,
          -1.0,
          -1.1306653959763935e-06
        ],
        [
          8.742277657347586e-08,
          -1.0,
          -7.549790126404332e-08,
          14.976117134094238
        ],
        [
          0.0,
          0.0,
          0.0,
          1.0
        ]
      ],
      "blender_world_to_camera": [
        [
          -1.0,
          -8.742277657347586e-08,
          0.0,
          1.3092537756165257e-06
        ],
        [
          6.6002361555513294e-15,
          -7.549790126404332e-08,
          1.0,
          1.1306653959763935e-06
        ],
        [
          -8.742277657347586e-08,
          1.0,
          7.549790126404332e-08,
          -14.976117134094238
        ],
        [
          -0.0,
          0.0,
          -0.0,
          1.0
        ]
      ],
      "camera_to_world": [
        [
          -1.0,
          6.6002361555513294e-15,
          -8.742277657347586e-08,
          0.0
        ],
        [
          -8.742277657347586e-08,
          -7.549790126404332e-08,
          1.0,
          14.976117134094238
        ],
        [
          0.0,
          1.0,
          7.549790126404332e-08,
          0.0
        ],
        [
          0.0,
          0.0,
          0.0,
          1.0
        ]
      ]
    },
    {
      "image_id": 2,
      "file_name": "0001.png",
      "camera_id": 1,
      "camera_center_world": [
        -8.834338188171387,
        8.98567008972168,
        8.092977523803711
      ],
      "quaternion_wxyz_world_to_camera": [
        0.18156813085079193,
        0.3324004113674164,
        -0.8122228980064392,
        0.4436630606651306
      ],
      "translation_world_to_camera": [
        4.0121710753737716e-07,
        2.4332412661495642e-15,
        14.976117134094238
      ],
      "world_to_camera": [
        [
          -0.7130860090255737,
          -0.7010766267776489,
          0.0,
          4.0121710753737716e-07
        ],
        [
          -0.378856360912323,
          0.38534608483314514,
          -0.8414132595062256,
          2.4332412661495642e-15
        ],
        [
          0.5898951888084412,
          -0.5999999642372131,
          -0.5403922200202942,
          14.976117134094238
        ],
        [
          0.0,
          0.0,
          0.0,
          1.0
        ]
      ],
      "blender_world_to_camera": [
        [
          -0.7130860090255737,
          -0.7010766267776489,
          0.0,
          4.0121710753737716e-07
        ],
        [
          0.378856360912323,
          -0.38534608483314514,
          0.8414132595062256,
          -2.4332412661495642e-15
        ],
        [
          -0.5898951888084412,
          0.5999999642372131,
          0.5403922200202942,
          -14.976117134094238
        ],
        [
          -0.0,
          0.0,
          -0.0,
          1.0
        ]
      ],
      "camera_to_world": [
        [
          -0.713085949420929,
          0.378856360912323,
          -0.5898951292037964,
          -8.834338188171387
        ],
        [
          -0.7010766267776489,
          -0.38534611463546753,
          0.5999999642372131,
          8.98567008972168
        ],
        [
          5.102876787788091e-09,
          0.8414132595062256,
          0.5403922200202942,
          8.092977523803711
        ],
        [
          0.0,
          0.0,
          0.0,
          1.0
        ]
      ]
    },
    {
      "image_id": 3,
      "file_name": "0002.png",
      "camera_id": 1,
      "camera_center_world": [
        1.2828446626663208,
        2.9952235221862793,
        -14.617353439331055
      ],
      "quaternion_wxyz_world_to_camera": [
        0.1997450739145279,
        0.02199293114244938,
        0.10721082240343094,
        -0.973716676235199
      ],
      "translation_world_to_camera": [
        -1.1888632798218168e-06,
        2.8202180146763567e-07,
        14.976116180419922
      ],
      "world_to_camera": [
        [
          -0.919236421585083,
          0.39370596408843994,
          -8.940696005765858e-08,
          -1.1888632798218168e-06
        ],
        [
          -0.38427436351776123,
          -0.8972153067588806,
          -0.21757182478904724,
          2.8202180146763567e-07
        ],
        [
          -0.0856594368815422,
          -0.19999995827674866,
          0.9760442972183228,
          14.976116180419922
        ],
        [
          0.0,
          0.0,
          0.0,
          1.0
        ]
      ],
      "blender_world_to_camera": [
        [
          -0.919236421585083,
          0.39370596408843994,
          -8.940696005765858e-08,
          -1.1888632798218168e-06
        ],
        [
          0.38427436351776123,
          0.8972153067588806,
          0.21757182478904724,
          -2.8202180146763567e-07
        ],
        [
          0.0856594368815422,
          0.19999995827674866,
          -0.9760442972183228,
          -14.976116180419922
        ],
        [
          -0.0,
          0.0,
          0.0,
          1.0
        ]
      ],
      "camera_to_world": [
        [
          -0.9192363619804382,
          0.38427451252937317,
          0.08565942943096161,
          1.2828446626663208
        ],
        [
          0.39370596408843994,
          0.8972156047821045,
          0.19999995827674866,
          2.9952235221862793
        ],
        [
          -8.74227694680485e-08,
          0.2175719141960144,
          -0.9760442972183228,
          -14.617353439331055
        ],
        [
          0.0,
          0.0,
          0.0,
          1.0
        ]
      ]
    },
    {
      "image_id": 4,
      "file_name": "0003.png",
      "camera_id": 1,
      "camera_center_world": [
        8.927950859069824,
        -2.9952235221862793,
        11.644930839538574
      ],
      "quaternion_wxyz_world_to_camera": [
        0.27073124051094055,
        0.765334963798523,
        0.550495982170105,
        -0.19473367929458618
      ],
      "translation_world_to_camera": [
        5.185657414585876e-07,
        3.7624144511028135e-07,
        14.976116180419922
      ],
      "world_to_camera": [
        [
          0.31806597113609314,
          0.9480686187744141,
          -4.470348358154297e-08,
          5.185657414585876e-07
        ],
        [
          0.7371865510940552,
          -0.24731755256652832,
          -0.6288003921508789,
          3.7624144511028135e-07
        ],
        [
          -0.5961458683013916,
          0.19999997317790985,
          -0.7775667309761047,
          14.976116180419922
        ],
        [
          0.0,
          0.0,
          0.0,
          1.0
        ]
      ],