{
  "camera_model": "PINHOLE",
  "intrinsics": {
    "width": 512,
    "height": 512,
    "fx": 711.1111111111111,
    "fy": 711.1111111111111,
    "cx": 256.0,
    "cy": 256.0
  },
  "images": [
    {
      "image_id": 1,
      "file_name": "0000.png",
      "camera_id": 1,
      "camera_center_world": [
        0.0,
        14.046177864074707,
        0.0
      ],
      "quaternion_wxyz_world_to_camera": [
        3.0908619663705394e-08,
        3.0908619663705394e-08,
        -0.7071067690849304,
        0.7071067690849304
      ],
      "translation_world_to_camera": [
        1.2279558632144472e-06,
        -1.0604569524730323e-06,
        14.046177864074707
      ],
      "world_to_camera": [
        [
          -1.0,
          -8.742277657347586e-08,
          0.0,
          1.2279558632144472e-06
        ],
        [
          -6.6002361555513294e-15,
          7.549790126404332e-08,
          -1.0,
          -1.0604569524730323e-06
        ],
        [
          8.742277657347586e-08,
          -1.0,
          -7.549790126404332e-08,
          14.046177864074707
        ],
        [
          0.0,
          0.0,
          0.0,
          1.0
        ]
      ],
      "blender_world_to_camera": [
        [
          -1.0,
          -8.742277657347586e-08,
          0.0,
          1.2279558632144472e-06
        ],
        [
          6.6002361555513294e-15,
          -7.549790126404332e-08,
          1.0,
          1.0604569524730323e-06
        ],
        [
          -8.742277657347586e-08,
          1.0,
          7.549790126404332e-08,
          -14.046177864074707
        ],
        [
          -0.0,
          0.0,
          -0.0,
          1.0
        ]
      ],
      "camera_to_world": [
        [
          -1.0,
          6.6002361555513294e-15,
          -8.742277657347586e-08,
          0.0
        ],
        [
          -8.742277657347586e-08,
          -7.549790126404332e-08,
          1.0,
          14.046177864074707
        ],
        [
          0.0,
          1.0,
          7.549790126404332e-08,
          0.0
        ],
        [
          0.0,
          0.0,
          0.0,
          1.0
        ]
      ]
    },
    {
      "image_id": 2,
      "file_name": "0001.png",
      "camera_id": 1,
      "camera_center_world": [
        -8.285771369934082,
        8.427706718444824,
        7.590445518493652
      ],
      "quaternion_wxyz_world_to_camera": [
        0.18156811594963074,
        0.33240047097206116,
        -0.8122228980064392,
        0.4436631202697754
      ],
      "translation_world_to_camera": [
        5.911534799452056e-07,
        1.6829499145387672e-06,
        14.04617691040039
      ],
      "world_to_camera": [
        [
          -0.713085949420929,
          -0.7010766267776489,
          2.9802322387695312e-08,
          5.911534799452056e-07
        ],
        [
          -0.3788563311100006,
          0.38534602522850037,
          -0.8414133191108704,
          1.6829499145387672e-06
        ],
        [
          0.5898951888084412,
          -0.5999999642372131,
          -0.5403920412063599,
          14.04617691040039
        ],
        [
          0.0,
          0.0,
          0.0,
          1.0
        ]
      ],
      "blender_world_to_camera": [
        [
          -0.713085949420929,
          -0.7010766267776489,
          2.9802322387695312e-08,
          5.911534799452056e-07
        ],
        [
          0.3788563311100006,
          -0.38534602522850037,
          0.8414133191108704,
          -1.6829499145387672e-06
        ],
        [
          -0.5898951888084412,
          0.5999999642372131,
          0.5403920412063599,
          -14.04617691040039
        ],
        [
          -0.0,
          0.0,
          -0.0,
          1.0
        ]
      ],
      "camera_to_world": [
        [
          -0.713085949420929,
          0.37885627150535583,
          -0.5898951888084412,
          -8.285771369934082
        ],
        [
          -0.7010766267776489,
          -0.385345995426178,
          0.6000000238418579,
          8.427706718444824
        ],
        [
          2.7477005559717327e-08,
          0.8414132595062256,
          0.5403921604156494,
          7.590445518493652
        ],
        [
          0.0,
          0.0,
          0.0,
          1.0
        ]
      ]
    },
    {
      "image_id": 3,
      "file_name": "0002.png",
      "camera_id": 1,
      "camera_center_world": [
        1.2031867504119873,
        2.8092355728149414,
        -13.709692001342773
      ],
      "quaternion_wxyz_world_to_camera": [
        0.1997450739145279,
        0.021992923691868782,
        0.10721080005168915,
        -0.973716676235199
      ],
      "translation_world_to_camera": [
        -9.498859299128526e-07,
        6.419851388272946e-07,
        14.046177864074707
      ],
      "world_to_camera": [
        [
          -0.9192364811897278,
          0.39370599389076233,
          -8.195639367158947e-08,
          -9.498859299128526e-07
        ],
        [
          -0.3842744529247284,
          -0.8972154855728149,
          -0.21757183969020844,
          6.419851388272946e-07
        ],
        [
          -0.08565942198038101,
          -0.19999992847442627,
          0.9760443568229675,
          14.046177864074707
        ],
        [
          0.0,
          0.0,
          0.0,
          1.0
        ]
      ],
      "blender_world_to_camera": [
        [
          -0.9192364811897278,
          0.39370599389076233,
          -8.195639367158947e-08,
          -9.498859299128526e-07
        ],
        [
          0.3842744529247284,
          0.8972154855728149,
          0.21757183969020844,
          -6.419851388272946e-07
        ],
        [
          0.08565942198038101,
          0.19999992847442627,
          -0.9760443568229675,
          -14.046177864074707
        ],
        [
          -0.0,
          0.0,
          0.0,
          1.0
        ]
      ],
      "camera_to_world": [
        [
          -0.9192363619804382,
          0.3842744827270508,
          0.08565941452980042,
          1.2031867504119873
        ],
        [
          0.39370596408843994,
          0.8972154855728149,
          0.19999992847442627,
          2.8092355728149414
        ],
        [
          -8.74227694680485e-08,
          0.21757183969020844,
          -0.9760442972183228,
          -13.709692001342773
        ],
        [
          0.0,
          0.0,
          0.0,
          1.0
        ]
      ]
    },
    {
      "image_id": 4,
      "file_name": "0003.png",
      "camera_id": 1,
      "camera_center_world": [
        8.373571395874023,
        -2.8092355728149414,
        10.921841621398926
      ],
      "quaternion_wxyz_world_to_camera": [
        0.27073127031326294,
        0.765334963798523,
        0.550495982170105,
        -0.194733664393425
      ],
      "translation_world_to_camera": [
        -5.7828792421332764e-08,
        5.279072183839162e-07,
        14.046178817749023
      ],
      "world_to_camera": [
        [
          0.31806594133377075,
          0.9480684995651245,
          -1.4901161193847656e-08,
          -5.7828792421332764e-08
        ],
        [
          0.7371866106987,
          -0.24731752276420593,
          -0.6288003921508789,
          5.279072183839162e-07
        ],
        [
          -0.5961459279060364,
          0.20000001788139343,
          -0.7775668501853943,
          14.046178817749023
        ],
        [
          0.0,
          0.0,
          0.0,
          1.0
        ]
      ],