{
  "camera_model": "PINHOLE",
  "intrinsics": {
    "width": 512,
    "height": 512,
    "fx": 711.1111111111111,
    "fy": 711.1111111111111,
    "cx": 256.0,
    "cy": 256.0
  },
  "images": [
    {
      "image_id": 1,
      "file_name": "0000.png",
      "camera_id": 1,
      "camera_center_world": [
        0.0,
        13.93385124206543,
        0.0
      ],
      "quaternion_wxyz_world_to_camera": [
        3.0908619663705394e-08,
        3.0908619663705394e-08,
        -0.7071067690849304,
        0.7071067690849304
      ],
      "translation_world_to_camera": [
        1.2181359352325671e-06,
        -1.0519764828131883e-06,
        13.93385124206543
      ],
      "world_to_camera": [
        [
          -1.0,
          -8.742277657347586e-08,
          0.0,
          1.2181359352325671e-06
        ],
        [
          -6.6002361555513294e-15,
          7.549790126404332e-08,
          -1.0,
          -1.0519764828131883e-06
        ],
        [
          8.742277657347586e-08,
          -1.0,
          -7.549790126404332e-08,
          13.93385124206543
        ],
        [
          0.0,
          0.0,
          0.0,
          1.0
        ]
      ],
      "blender_world_to_camera": [
        [
          -1.0,
          -8.742277657347586e-08,
          0.0,
          1.2181359352325671e-06
        ],
        [
          6.6002361555513294e-15,
          -7.549790126404332e-08,
          1.0,
          1.0519764828131883e-06
        ],
        [
          -8.742277657347586e-08,
          1.0,
          7.549790126404332e-08,
          -13.93385124206543
        ],
        [
          -0.0,
          0.0,
          -0.0,
          1.0
        ]
      ],
      "camera_to_world": [
        [
          -1.0,
          6.6002361555513294e-15,
          -8.742277657347586e-08,
          0.0
        ],
        [
          -8.742277657347586e-08,
          -7.549790126404332e-08,
          1.0,
          13.93385124206543
        ],
        [
          0.0,
          1.0,
          7.549790126404332e-08,
          0.0
        ],
        [
          0.0,
          0.0,
          0.0,
          1.0
        ]
      ]
    },
    {
      "image_id": 2,
      "file_name": "0001.png",
      "camera_id": 1,
      "camera_center_world": [
        -8.219510078430176,
        8.360310554504395,
        7.529744625091553
      ],
      "quaternion_wxyz_world_to_camera": [
        0.18156813085079193,
        0.3324004113674164,
        -0.8122228980064392,
        0.4436631202697754
      ],
      "translation_world_to_camera": [
        1.2378167824067532e-08,
        2.6973013973474735e-06,
        13.93385124206543
      ],
      "world_to_camera": [
        [
          -0.713085949420929,
          -0.7010766267776489,
          4.4703490686970326e-08,
          1.2378167824067532e-08
        ],
        [
          -0.378856360912323,
          0.38534605503082275,
          -0.8414134979248047,
          2.6973013973474735e-06
        ],
        [
          0.5898952484130859,
          -0.6000000238418579,
          -0.5403921008110046,
          13.93385124206543
        ],
        [
          0.0,
          0.0,
          0.0,
          1.0
        ]
      ],
      "blender_world_to_camera": [
        [
          -0.713085949420929,
          -0.7010766267776489,
          4.4703490686970326e-08,
          1.2378167824067532e-08
        ],
        [
          0.378856360912323,
          -0.38534605503082275,
          0.8414134979248047,
          -2.6973013973474735e-06
        ],
        [
          -0.5898952484130859,
          0.6000000238418579,
          0.5403921008110046,
          -13.93385124206543
        ],
        [
          -0.0,
          0.0,
          -0.0,
          1.0
        ]
      ],
      "camera_to_world": [
        [
          -0.713085949420929,
          0.37885624170303345,
          -0.5898951888084412,
          -8.219510078430176
        ],
        [
          -0.7010766267776489,
          -0.3853459656238556,
          0.6000000834465027,
          8.360310554504395
        ],
        [
          4.472809322919602e-08,
          0.8414132595062256,
          0.5403921008110046,
          7.529744625091553
        ],
        [
          0.0,
          0.0,
          0.0,
          1.0
        ]
      ]
    },
    {
      "image_id": 3,
      "file_name": "0002.png",
      "camera_id": 1,
      "camera_center_world": [
        1.1935648918151855,
        2.7867701053619385,
        -13.600055694580078
      ],
      "quaternion_wxyz_world_to_camera": [
        0.19974510371685028,
        0.021992843598127365,
        0.10721084475517273,
        -0.973716676235199
      ],
      "translation_world_to_camera": [
        1.534796979285602e-06,
        1.2487490153034742e-07,
        13.93385124206543
      ],
      "world_to_camera": [
        [
          -0.9192363619804382,
          0.39370599389076233,
          8.940696716308594e-08,
          1.534796979285602e-06
        ],
        [
          -0.3842744827270508,
          -0.8972154259681702,
          -0.21757186949253082,
          1.2487490153034742e-07
        ],
        [
          -0.08565927296876907,
          -0.20000003278255463,
          0.9760443568229675,
          13.93385124206543
        ],
        [
          0.0,
          0.0,
          0.0,
          1.0
        ]
      ],
      "blender_world_to_camera": [
        [
          -0.9192363619804382,
          0.39370599389076233,
          8.940696716308594e-08,
          1.534796979285602e-06
        ],
        [
          0.3842744827270508,
          0.8972154259681702,
          0.21757186949253082,
          -1.2487490153034742e-07
        ],
        [
          0.08565927296876907,
          0.20000003278255463,
          -0.9760443568229675,
          -13.93385124206543
        ],
        [
          -0.0,
          -0.0,
          -0.0,
          1.0
        ]
      ],
      "camera_to_world": [
        [
          -0.919236421585083,
          0.38427451252937317,
          0.08565926551818848,
          1.1935648918151855
        ],
        [
          0.39370599389076233,
          0.8972154855728149,
          0.20000001788139343,
          2.7867701053619385
        ],
        [
          8.742277657347586e-08,
          0.21757188439369202,
          -0.976044237613678,
          -13.600055694580078
        ],
        [
          0.0,
          0.0,
          0.0,
          1.0
        ]
      ]
    },
    {
      "image_id": 4,
      "file_name": "0003.png",
      "camera_id": 1,
      "camera_center_world": [
        8.306608200073242,
        -2.7867701053619385,
        10.83449935913086
      ],
      "quaternion_wxyz_world_to_camera": [
        0.27073127031326294,
        0.765334963798523,
        0.550495982170105,
        -0.194733664393425
      ],
      "translation_world_to_camera": [
        -5.7828792421332764e-08,
        5.279072183839162e-07,
        13.933852195739746
      ],
      "world_to_camera": [
        [
          0.31806594133377075,
          0.9480684995651245,
          -1.4901161193847656e-08,
          -5.7828792421332764e-08
        ],
        [
          0.7371866106987,
          -0.24731752276420593,
          -0.6288003921508789,
          5.279072183839162e-07
        ],
        [
          -0.5961459279060364,
          0.20000001788139343,
          -0.7775668501853943,
          13.933852195739746
        ],
        [
          0.0,
          0.0,
          0.0,
          1.0
        ]
      ],