{
  "camera_model": "PINHOLE",
  "intrinsics": {
    "width": 512,
    "height": 512,
    "fx": 711.1111111111111,
    "fy": 711.1111111111111,
    "cx": 256.0,
    "cy": 256.0
  },
  "images": [
    {
      "image_id": 1,
      "file_name": "0000.png",
      "camera_id": 1,
      "camera_center_world": [
        0.0,
        14.971959114074707,
        0.0
      ],
      "quaternion_wxyz_world_to_camera": [
        3.0908619663705394e-08,
        3.0908619663705394e-08,
        -0.7071067690849304,
        0.7071067690849304
      ],
      "translation_world_to_camera": [
        1.308890205109492e-06,
        -1.130351506617444e-06,
        14.971959114074707
      ],
      "world_to_camera": [
        [
          -1.0,
          -8.742277657347586e-08,
          0.0,
          1.308890205109492e-06
        ],
        [
          -6.6002361555513294e-15,
          7.549790126404332e-08,
          -1.0,
          -1.130351506617444e-06
        ],
        [
          8.742277657347586e-08,
          -1.0,
          -7.549790126404332e-08,
          14.971959114074707
        ],
        [
          0.0,
          0.0,
          0.0,
          1.0
        ]
      ],
      "blender_world_to_camera": [
        [
          -1.0,
          -8.742277657347586e-08,
          0.0,
          1.308890205109492e-06
        ],
        [
          6.6002361555513294e-15,
          -7.549790126404332e-08,
          1.0,
          1.130351506617444e-06
        ],
        [
          -8.742277657347586e-08,
          1.0,
          7.549790126404332e-08,
          -14.971959114074707
        ],
        [
          -0.0,
          0.0,
          -0.0,
          1.0
        ]
      ],
      "camera_to_world": [
        [
          -1.0,
          6.6002361555513294e-15,
          -8.742277657347586e-08,
          0.0
        ],
        [
          -8.742277657347586e-08,
          -7.549790126404332e-08,
          1.0,
          14.971959114074707
        ],
        [
          0.0,
          1.0,
          7.549790126404332e-08,
          0.0
        ],
        [
          0.0,
          0.0,
          0.0,
          1.0
        ]
      ]
    },
    {
      "image_id": 2,
      "file_name": "0001.png",
      "camera_id": 1,
      "camera_center_world": [
        -8.83188533782959,
        8.983175277709961,
        8.090730667114258
      ],
      "quaternion_wxyz_world_to_camera": [
        0.18156811594963074,
        0.3324004113674164,
        -0.812222957611084,
        0.44366300106048584
      ],
      "translation_world_to_camera": [
        1.1606451835177722e-06,
        -1.3543769910029368e-06,
        14.971960067749023
      ],
      "world_to_camera": [
        [
          -0.713085949420929,
          -0.7010766267776489,
          -4.470348358154297e-08,
          1.1606451835177722e-06
        ],
        [
          -0.3788564205169678,
          0.3853462040424347,
          -0.8414131999015808,
          -1.3543769910029368e-06
        ],
        [
          0.5898951292037964,
          -0.5999999046325684,
          -0.540392279624939,
          14.971960067749023
        ],
        [
          0.0,
          0.0,
          0.0,
          1.0
        ]
      ],
      "blender_world_to_camera": [
        [
          -0.713085949420929,
          -0.7010766267776489,
          -4.470348358154297e-08,
          1.1606451835177722e-06
        ],
        [
          0.3788564205169678,
          -0.3853462040424347,
          0.8414131999015808,
          1.3543769910029368e-06
        ],
        [
          -0.5898951292037964,
          0.5999999046325684,
          0.540392279624939,
          -14.971960067749023
        ],
        [
          0.0,
          0.0,
          -0.0,
          1.0
        ]
      ],
      "camera_to_world": [
        [
          -0.713085949420929,
          0.3788563907146454,
          -0.5898951292037964,
          -8.83188533782959
        ],
        [
          -0.7010766267776489,
          -0.3853462040424347,
          0.5999999046325684,
          8.983175277709961
        ],
        [
          -3.19608162158147e-08,
          0.8414131999015808,
          0.5403923392295837,
          8.090730667114258
        ],
        [
          0.0,
          0.0,
          0.0,
          1.0
        ]
      ]
    },
    {
      "image_id": 3,
      "file_name": "0002.png",
      "camera_id": 1,
      "camera_center_world": [
        1.2824885845184326,
        2.994391918182373,
        -14.613295555114746
      ],
      "quaternion_wxyz_world_to_camera": [
        0.19974510371685028,
        0.021992933005094528,
        0.10721082240343094,
        -0.9737166166305542
      ],
      "translation_world_to_camera": [
        -1.3023038718529278e-06,
        2.3508836477503792e-07,
        14.971959114074707
      ],
      "world_to_camera": [
        [
          -0.919236421585083,
          0.3937060534954071,
          -8.94069742685133e-08,
          -1.3023038718529278e-06
        ],
        [
          -0.38427451252937317,
          -0.8972154855728149,
          -0.21757188439369202,
          2.3508836477503792e-07
        ],
        [
          -0.0856594517827034,
          -0.19999997317790985,
          0.9760442972183228,
          14.971959114074707
        ],
        [
          0.0,
          0.0,
          0.0,
          1.0
        ]
      ],
      "blender_world_to_camera": [
        [
          -0.919236421585083,
          0.3937060534954071,
          -8.94069742685133e-08,
          -1.3023038718529278e-06
        ],
        [
          0.38427451252937317,
          0.8972154855728149,
          0.21757188439369202,
          -2.3508836477503792e-07
        ],
        [
          0.0856594517827034,
          0.19999997317790985,
          -0.9760442972183228,
          -14.971959114074707
        ],
        [
          -0.0,
          0.0,
          0.0,
          1.0
        ]
      ],
      "camera_to_world": [
        [
          -0.9192363619804382,
          0.38427451252937317,
          0.0856594443321228,
          1.2824885845184326
        ],
        [
          0.3937060236930847,
          0.8972154259681702,
          0.19999995827674866,
          2.994391918182373
        ],
        [
          -8.74227694680485e-08,
          0.21757188439369202,
          -0.9760442972183228,
          -14.613295555114746
        ],
        [
          0.0,
          0.0,
          0.0,
          1.0
        ]
      ]
    },
    {
      "image_id": 4,
      "file_name": "0003.png",
      "camera_id": 1,
      "camera_center_world": [
        8.925472259521484,
        -2.994391918182373,
        11.641697883605957
      ],
      "quaternion_wxyz_world_to_camera": [
        0.27073124051094055,
        0.765334963798523,
        0.550495982170105,
        -0.19473367929458618
      ],
      "translation_world_to_camera": [
        4.4360689344102866e-07,
        3.762414735319908e-07,
        14.971960067749023
      ],
      "world_to_camera": [
        [
          0.31806597113609314,
          0.9480686187744141,
          -4.470348358154297e-08,
          4.4360689344102866e-07
        ],
        [
          0.7371865510940552,
          -0.24731755256652832,
          -0.6288003921508789,
          3.762414735319908e-07
        ],
        [
          -0.5961458683013916,
          0.19999997317790985,
          -0.7775667309761047,
          14.971960067749023
        ],
        [
          0.0,
          0.0,
          0.0,
          1.0
        ]
      ],