{
  "camera_model": "PINHOLE",
  "intrinsics": {
    "width": 512,
    "height": 512,
    "fx": 711.1111111111111,
    "fy": 711.1111111111111,
    "cx": 256.0,
    "cy": 256.0
  },
  "images": [
    {
      "image_id": 1,
      "file_name": "0000.png",
      "camera_id": 1,
      "camera_center_world": [
        0.0,
        15.158924102783203,
        0.0
      ],
      "quaternion_wxyz_world_to_camera": [
        3.0908619663705394e-08,
        3.0908619663705394e-08,
        -0.7071067690849304,
        0.7071067690849304
      ],
      "translation_world_to_camera": [
        1.3252351891424041e-06,
        -1.1444669780757977e-06,
        15.158924102783203
      ],
      "world_to_camera": [
        [
          -1.0,
          -8.742277657347586e-08,
          0.0,
          1.3252351891424041e-06
        ],
        [
          -6.6002361555513294e-15,
          7.549790126404332e-08,
          -1.0,
          -1.1444669780757977e-06
        ],
        [
          8.742277657347586e-08,
          -1.0,
          -7.549790126404332e-08,
          15.158924102783203
        ],
        [
          0.0,
          0.0,
          0.0,
          1.0
        ]
      ],
      "blender_world_to_camera": [
        [
          -1.0,
          -8.742277657347586e-08,
          0.0,
          1.3252351891424041e-06
        ],
        [
          6.6002361555513294e-15,
          -7.549790126404332e-08,
          1.0,
          1.1444669780757977e-06
        ],
        [
          -8.742277657347586e-08,
          1.0,
          7.549790126404332e-08,
          -15.158924102783203
        ],
        [
          -0.0,
          0.0,
          -0.0,
          1.0
        ]
      ],
      "camera_to_world": [
        [
          -1.0,
          6.6002361555513294e-15,
          -8.742277657347586e-08,
          0.0
        ],
        [
          -8.742277657347586e-08,
          -7.549790126404332e-08,
          1.0,
          15.158924102783203
        ],
        [
          0.0,
          1.0,
          7.549790126404332e-08,
          0.0
        ],
        [
          0.0,
          0.0,
          0.0,
          1.0
        ]
      ]
    },
    {
      "image_id": 2,
      "file_name": "0001.png",
      "camera_id": 1,
      "camera_center_world": [
        -8.942174911499023,
        9.095354080200195,
        8.191764831542969
      ],
      "quaternion_wxyz_world_to_camera": [
        0.18156811594963074,
        0.33240047097206116,
        -0.8122228980064392,
        0.4436631202697754
      ],
      "translation_world_to_camera": [
        5.911534799452056e-07,
        1.6829499145387672e-06,
        15.158923149108887
      ],
      "world_to_camera": [
        [
          -0.713085949420929,
          -0.7010766267776489,
          2.9802322387695312e-08,
          5.911534799452056e-07
        ],
        [
          -0.3788563311100006,
          0.38534602522850037,
          -0.8414133191108704,
          1.6829499145387672e-06
        ],
        [
          0.5898951888084412,
          -0.5999999642372131,
          -0.5403920412063599,
          15.158923149108887
        ],
        [
          0.0,
          0.0,
          0.0,
          1.0
        ]
      ],
      "blender_world_to_camera": [
        [
          -0.713085949420929,
          -0.7010766267776489,
          2.9802322387695312e-08,
          5.911534799452056e-07
        ],
        [
          0.3788563311100006,
          -0.38534602522850037,
          0.8414133191108704,
          -1.6829499145387672e-06
        ],
        [
          -0.5898951888084412,
          0.5999999642372131,
          0.5403920412063599,
          -15.158923149108887
        ],
        [
          -0.0,
          0.0,
          -0.0,
          1.0
        ]
      ],
      "camera_to_world": [
        [
          -0.713085949420929,
          0.37885627150535583,
          -0.5898951888084412,
          -8.942174911499023
        ],
        [
          -0.7010766267776489,
          -0.385345995426178,
          0.6000000238418579,
          9.095354080200195
        ],
        [
          2.7477005559717327e-08,
          0.8414132595062256,
          0.5403921604156494,
          8.191764831542969
        ],
        [
          0.0,
          0.0,
          0.0,
          1.0
        ]
      ]
    },
    {
      "image_id": 3,
      "file_name": "0002.png",
      "camera_id": 1,
      "camera_center_world": [
        1.2985038757324219,
        3.031784772872925,
        -14.795781135559082
      ],
      "quaternion_wxyz_world_to_camera": [
        0.1997450888156891,
        0.021992839872837067,
        0.10721082240343094,
        -0.973716676235199
      ],
      "translation_world_to_camera": [
        1.4706132560604601e-06,
        8.762308425502852e-07,
        15.158924102783203
      ],
      "world_to_camera": [
        [
          -0.919236421585083,
          0.39370596408843994,
          8.195639367158947e-08,
          1.4706132560604601e-06
        ],
        [
          -0.38427454233169556,
          -0.8972155451774597,
          -0.21757185459136963,
          8.762308425502852e-07
        ],
        [
          -0.08565925806760788,
          -0.19999998807907104,
          0.9760443568229675,
          15.158924102783203
        ],
        [
          0.0,
          0.0,
          0.0,
          1.0
        ]
      ],
      "blender_world_to_camera": [
        [
          -0.919236421585083,
          0.39370596408843994,
          8.195639367158947e-08,
          1.4706132560604601e-06
        ],
        [
          0.38427454233169556,
          0.8972155451774597,
          0.21757185459136963,
          -8.762308425502852e-07
        ],
        [
          0.08565925806760788,
          0.19999998807907104,
          -0.9760443568229675,
          -15.158924102783203
        ],
        [
          -0.0,
          -0.0,
          -0.0,
          1.0
        ]
      ],
      "camera_to_world": [
        [
          -0.919236421585083,
          0.3842744827270508,
          0.08565925806760788,
          1.2985038757324219
        ],
        [
          0.39370599389076233,
          0.8972154259681702,
          0.19999998807907104,
          3.031784772872925
        ],
        [
          8.742277657347586e-08,
          0.21757182478904724,
          -0.9760442972183228,
          -14.795781135559082
        ],
        [
          0.0,
          0.0,
          0.0,
          1.0
        ]
      ]
    },
    {
      "image_id": 4,
      "file_name": "0003.png",
      "camera_id": 1,
      "camera_center_world": [
        9.036930084228516,
        -3.031784772872925,
        11.78707504272461
      ],
      "quaternion_wxyz_world_to_camera": [
        0.27073124051094055,
        0.765334963798523,
        0.550495982170105,
        -0.19473367929458618
      ],
      "translation_world_to_camera": [
        5.185657414585876e-07,
        3.7624144511028135e-07,
        15.158923149108887
      ],
      "world_to_camera": [
        [
          0.31806597113609314,
          0.9480686187744141,
          -4.470348358154297e-08,
          5.185657414585876e-07
        ],
        [
          0.7371865510940552,
          -0.24731755256652832,
          -0.6288003921508789,
          3.7624144511028135e-07
        ],
        [
          -0.5961458683013916,
          0.19999997317790985,
          -0.7775667309761047,
          15.158923149108887
        ],
        [
          0.0,
          0.0,
          0.0,
          1.0
        ]
      ],