{
  "camera_model": "PINHOLE",
  "intrinsics": {
    "width": 512,
    "height": 512,
    "fx": 711.1111111111111,
    "fy": 711.1111111111111,
    "cx": 256.0,
    "cy": 256.0
  },
  "images": [
    {
      "image_id": 1,
      "file_name": "0000.png",
      "camera_id": 1,
      "camera_center_world": [
        0.0,
        13.867773056030273,
        0.0
      ],
      "quaternion_wxyz_world_to_camera": [
        3.0908619663705394e-08,
        3.0908619663705394e-08,
        -0.7071067690849304,
        0.7071067690849304
      ],
      "translation_world_to_camera": [
        1.2123592796342564e-06,
        -1.0469877906871261e-06,
        13.867773056030273
      ],
      "world_to_camera": [
        [
          -1.0,
          -8.742277657347586e-08,
          0.0,
          1.2123592796342564e-06
        ],
        [
          -6.6002361555513294e-15,
          7.549790126404332e-08,
          -1.0,
          -1.0469877906871261e-06
        ],
        [
          8.742277657347586e-08,
          -1.0,
          -7.549790126404332e-08,
          13.867773056030273
        ],
        [
          0.0,
          0.0,
          0.0,
          1.0
        ]
      ],
      "blender_world_to_camera": [
        [
          -1.0,
          -8.742277657347586e-08,
          0.0,
          1.2123592796342564e-06
        ],
        [
          6.6002361555513294e-15,
          -7.549790126404332e-08,
          1.0,
          1.0469877906871261e-06
        ],
        [
          -8.742277657347586e-08,
          1.0,
          7.549790126404332e-08,
          -13.867773056030273
        ],
        [
          -0.0,
          0.0,
          -0.0,
          1.0
        ]
      ],
      "camera_to_world": [
        [
          -1.0,
          6.6002361555513294e-15,
          -8.742277657347586e-08,
          0.0
        ],
        [
          -8.742277657347586e-08,
          -7.549790126404332e-08,
          1.0,
          13.867773056030273
        ],
        [
          0.0,
          1.0,
          7.549790126404332e-08,
          0.0
        ],
        [
          0.0,
          0.0,
          0.0,
          1.0
        ]
      ]
    },
    {
      "image_id": 2,
      "file_name": "0001.png",
      "camera_id": 1,
      "camera_center_world": [
        -8.18053150177002,
        8.320663452148438,
        7.49403715133667
      ],
      "quaternion_wxyz_world_to_camera": [
        0.18156811594963074,
        0.3324004113674164,
        -0.812222957611084,
        0.44366300106048584
      ],
      "translation_world_to_camera": [
        7.962449899423518e-07,
        -1.348650584986899e-06,
        13.867773056030273
      ],
      "world_to_camera": [
        [
          -0.713085949420929,
          -0.7010766267776489,
          -4.470348358154297e-08,
          7.962449899423518e-07
        ],
        [
          -0.3788564205169678,
          0.3853462040424347,
          -0.8414131999015808,
          -1.348650584986899e-06
        ],
        [
          0.5898951292037964,
          -0.5999999046325684,
          -0.540392279624939,
          13.867773056030273
        ],
        [
          0.0,
          0.0,
          0.0,
          1.0
        ]
      ],
      "blender_world_to_camera": [
        [
          -0.713085949420929,
          -0.7010766267776489,
          -4.470348358154297e-08,
          7.962449899423518e-07
        ],
        [
          0.3788564205169678,
          -0.3853462040424347,
          0.8414131999015808,
          1.348650584986899e-06
        ],
        [
          -0.5898951292037964,
          0.5999999046325684,
          0.540392279624939,
          -13.867773056030273
        ],
        [
          0.0,
          0.0,
          -0.0,
          1.0
        ]
      ],
      "camera_to_world": [
        [
          -0.713085949420929,
          0.3788563907146454,
          -0.5898951292037964,
          -8.18053150177002
        ],
        [
          -0.7010766267776489,
          -0.3853462040424347,
          0.5999999046325684,
          8.320663452148438
        ],
        [
          -3.19608162158147e-08,
          0.8414131999015808,
          0.5403923392295837,
          7.49403715133667
        ],
        [
          0.0,
          0.0,
          0.0,
          1.0
        ]
      ]
    },
    {
      "image_id": 3,
      "file_name": "0002.png",
      "camera_id": 1,
      "camera_center_world": [
        1.187904715538025,
        2.773554563522339,
        -13.535560607910156
      ],
      "quaternion_wxyz_world_to_camera": [
        0.19974510371685028,
        0.021992933005094528,
        0.10721082240343094,
        -0.9737166166305542
      ],
      "translation_world_to_camera": [
        -1.0940030961137381e-06,
        6.28587599749153e-08,
        13.86777400970459
      ],
      "world_to_camera": [
        [
          -0.919236421585083,
          0.3937060534954071,
          -8.94069742685133e-08,
          -1.0940030961137381e-06
        ],
        [
          -0.38427451252937317,
          -0.8972154855728149,
          -0.21757188439369202,
          6.28587599749153e-08
        ],
        [
          -0.0856594517827034,
          -0.19999997317790985,
          0.9760442972183228,
          13.86777400970459
        ],
        [
          0.0,
          0.0,
          0.0,
          1.0
        ]
      ],
      "blender_world_to_camera": [
        [
          -0.919236421585083,
          0.3937060534954071,
          -8.94069742685133e-08,
          -1.0940030961137381e-06
        ],
        [
          0.38427451252937317,
          0.8972154855728149,
          0.21757188439369202,
          -6.28587599749153e-08
        ],
        [
          0.0856594517827034,
          0.19999997317790985,
          -0.9760442972183228,
          -13.86777400970459
        ],
        [
          -0.0,
          0.0,
          0.0,
          1.0
        ]
      ],
      "camera_to_world": [
        [
          -0.9192363619804382,
          0.38427451252937317,
          0.0856594443321228,
          1.187904715538025
        ],
        [
          0.3937060236930847,
          0.8972154259681702,
          0.19999995827674866,
          2.773554563522339
        ],
        [
          -8.74227694680485e-08,
          0.21757188439369202,
          -0.9760442972183228,
          -13.535560607910156
        ],
        [
          0.0,
          0.0,
          0.0,
          1.0
        ]
      ]
    },
    {
      "image_id": 4,
      "file_name": "0003.png",
      "camera_id": 1,
      "camera_center_world": [
        8.267215728759766,
        -2.773554563522339,
        10.783119201660156
      ],
      "quaternion_wxyz_world_to_camera": [
        0.27073124051094055,
        0.765334963798523,
        0.550495982170105,
        -0.194733664393425
      ],
      "translation_world_to_camera": [
        1.1793022736128478e-07,
        4.520744312230818e-07,
        13.86777400970459
      ],
      "world_to_camera": [
        [
          0.3180660605430603,
          0.9480687379837036,
          -1.4901166522918174e-08,
          1.1793022736128478e-07
        ],
        [
          0.7371866703033447,
          -0.24731756746768951,
          -0.6288005113601685,
          4.520744312230818e-07
        ],
        [
          -0.5961459875106812,
          0.20000003278255463,
          -0.7775669097900391,
          13.86777400970459
        ],
        [
          0.0,
          0.0,
          0.0,
          1.0
        ]
      ],