{
  "camera_model": "PINHOLE",
  "intrinsics": {
    "width": 512,
    "height": 512,
    "fx": 711.1111111111111,
    "fy": 711.1111111111111,
    "cx": 256.0,
    "cy": 256.0
  },
  "images": [
    {
      "image_id": 1,
      "file_name": "0000.png",
      "camera_id": 1,
      "camera_center_world": [
        0.0,
        13.757719039916992,
        0.0
      ],
      "quaternion_wxyz_world_to_camera": [
        3.0908619663705394e-08,
        3.0908619663705394e-08,
        -0.7071067690849304,
        0.7071067690849304
      ],
      "translation_world_to_camera": [
        1.202737962557876e-06,
        -1.038678874465404e-06,
        13.757719039916992
      ],
      "world_to_camera": [
        [
          -1.0,
          -8.742277657347586e-08,
          0.0,
          1.202737962557876e-06
        ],
        [
          -6.6002361555513294e-15,
          7.549790126404332e-08,
          -1.0,
          -1.038678874465404e-06
        ],
        [
          8.742277657347586e-08,
          -1.0,
          -7.549790126404332e-08,
          13.757719039916992
        ],
        [
          0.0,
          0.0,
          0.0,
          1.0
        ]
      ],
      "blender_world_to_camera": [
        [
          -1.0,
          -8.742277657347586e-08,
          0.0,
          1.202737962557876e-06
        ],
        [
          6.6002361555513294e-15,
          -7.549790126404332e-08,
          1.0,
          1.038678874465404e-06
        ],
        [
          -8.742277657347586e-08,
          1.0,
          7.549790126404332e-08,
          -13.757719039916992
        ],
        [
          -0.0,
          0.0,
          -0.0,
          1.0
        ]
      ],
      "camera_to_world": [
        [
          -1.0,
          6.6002361555513294e-15,
          -8.742277657347586e-08,
          0.0
        ],
        [
          -8.742277657347586e-08,
          -7.549790126404332e-08,
          1.0,
          13.757719039916992
        ],
        [
          0.0,
          1.0,
          7.549790126404332e-08,
          0.0
        ],
        [
          0.0,
          0.0,
          0.0,
          1.0
        ]
      ]
    },
    {
      "image_id": 2,
      "file_name": "0001.png",
      "camera_id": 1,
      "camera_center_world": [
        -8.11561107635498,
        8.254631042480469,
        7.434564590454102
      ],
      "quaternion_wxyz_world_to_camera": [
        0.18156811594963074,
        0.33240047097206116,
        -0.8122228980064392,
        0.4436631202697754
      ],
      "translation_world_to_camera": [
        4.105007747057243e-07,
        2.0229758774803486e-06,
        13.757718086242676
      ],
      "world_to_camera": [
        [
          -0.713085949420929,
          -0.7010766267776489,
          2.9802322387695312e-08,
          4.105007747057243e-07
        ],
        [
          -0.3788563311100006,
          0.38534602522850037,
          -0.8414133191108704,
          2.0229758774803486e-06
        ],
        [
          0.5898951888084412,
          -0.5999999642372131,
          -0.5403920412063599,
          13.757718086242676
        ],
        [
          0.0,
          0.0,
          0.0,
          1.0
        ]
      ],
      "blender_world_to_camera": [
        [
          -0.713085949420929,
          -0.7010766267776489,
          2.9802322387695312e-08,
          4.105007747057243e-07
        ],
        [
          0.3788563311100006,
          -0.38534602522850037,
          0.8414133191108704,
          -2.0229758774803486e-06
        ],
        [
          -0.5898951888084412,
          0.5999999642372131,
          0.5403920412063599,
          -13.757718086242676
        ],
        [
          -0.0,
          0.0,
          -0.0,
          1.0
        ]
      ],
      "camera_to_world": [
        [
          -0.713085949420929,
          0.37885627150535583,
          -0.5898951888084412,
          -8.11561107635498
        ],
        [
          -0.7010766267776489,
          -0.385345995426178,
          0.6000000238418579,
          8.254631042480469
        ],
        [
          2.7477005559717327e-08,
          0.8414132595062256,
          0.5403921604156494,
          7.434564590454102
        ],
        [
          0.0,
          0.0,
          0.0,
          1.0
        ]
      ]
    },
    {
      "image_id": 3,
      "file_name": "0002.png",
      "camera_id": 1,
      "camera_center_world": [
        1.1784775257110596,
        2.7515437602996826,
        -13.428143501281738
      ],
      "quaternion_wxyz_world_to_camera": [
        0.1997450739145279,
        0.021992923691868782,
        0.10721080005168915,
        -0.973716676235199
      ],
      "translation_world_to_camera": [
        -9.466438655181264e-07,
        6.419851388272946e-07,
        13.757719993591309
      ],
      "world_to_camera": [
        [
          -0.9192364811897278,
          0.39370599389076233,
          -8.195639367158947e-08,
          -9.466438655181264e-07
        ],
        [
          -0.3842744529247284,
          -0.8972154855728149,
          -0.21757183969020844,
          6.419851388272946e-07
        ],
        [
          -0.08565942198038101,
          -0.19999992847442627,
          0.9760443568229675,
          13.757719993591309
        ],
        [
          0.0,
          0.0,
          0.0,
          1.0
        ]
      ],
      "blender_world_to_camera": [
        [
          -0.9192364811897278,
          0.39370599389076233,
          -8.195639367158947e-08,
          -9.466438655181264e-07
        ],
        [
          0.3842744529247284,
          0.8972154855728149,
          0.21757183969020844,
          -6.419851388272946e-07
        ],
        [
          0.08565942198038101,
          0.19999992847442627,
          -0.9760443568229675,
          -13.757719993591309
        ],
        [
          -0.0,
          0.0,
          0.0,
          1.0
        ]
      ],
      "camera_to_world": [
        [
          -0.9192363619804382,
          0.3842744827270508,
          0.08565941452980042,
          1.1784775257110596
        ],
        [
          0.39370596408843994,
          0.8972154855728149,
          0.19999992847442627,
          2.7515437602996826
        ],
        [
          -8.74227694680485e-08,
          0.21757183969020844,
          -0.9760442972183228,
          -13.428143501281738
        ],
        [
          0.0,
          0.0,
          0.0,
          1.0
        ]
      ]
    },
    {
      "image_id": 4,
      "file_name": "0003.png",
      "camera_id": 1,
      "camera_center_world": [
        8.201607704162598,
        -2.7515437602996826,
        10.697545051574707
      ],
      "quaternion_wxyz_world_to_camera": [
        0.27073124051094055,
        0.765334963798523,
        0.550495982170105,
        -0.19473367929458618
      ],
      "translation_world_to_camera": [
        4.4360689344102866e-07,
        3.762414735319908e-07,
        13.757718086242676
      ],
      "world_to_camera": [
        [
          0.31806597113609314,
          0.9480686187744141,
          -4.470348358154297e-08,
          4.4360689344102866e-07
        ],
        [
          0.7371865510940552,
          -0.24731755256652832,
          -0.6288003921508789,
          3.762414735319908e-07
        ],
        [
          -0.5961458683013916,
          0.19999997317790985,
          -0.7775667309761047,
          13.757718086242676
        ],
        [
          0.0,
          0.0,
          0.0,
          1.0
        ]
      ],