{
  "camera_model": "PINHOLE",
  "intrinsics": {
    "width": 512,
    "height": 512,
    "fx": 711.1111111111111,
    "fy": 711.1111111111111,
    "cx": 256.0,
    "cy": 256.0
  },
  "images": [
    {
      "image_id": 1,
      "file_name": "0000.png",
      "camera_id": 1,
      "camera_center_world": [
        0.0,
        14.08198356628418,
        0.0
      ],
      "quaternion_wxyz_world_to_camera": [
        3.0908619663705394e-08,
        3.0908619663705394e-08,
        -0.7071067690849304,
        0.7071067690849304
      ],
      "translation_world_to_camera": [
        1.2310861166042741e-06,
        -1.0631601981003769e-06,
        14.081984519958496
      ],
      "world_to_camera": [
        [
          -1.0,
          -8.742277657347586e-08,
          0.0,
          1.2310861166042741e-06
        ],
        [
          -6.6002361555513294e-15,
          7.549790126404332e-08,
          -1.0,
          -1.0631601981003769e-06
        ],
        [
          8.742278367890322e-08,
          -1.0000001192092896,
          -7.549790836947068e-08,
          14.081984519958496
        ],
        [
          0.0,
          0.0,
          0.0,
          1.0
        ]
      ],
      "blender_world_to_camera": [
        [
          -1.0,
          -8.742277657347586e-08,
          0.0,
          1.2310861166042741e-06
        ],
        [
          6.6002361555513294e-15,
          -7.549790126404332e-08,
          1.0,
          1.0631601981003769e-06
        ],
        [
          -8.742278367890322e-08,
          1.0000001192092896,
          7.549790836947068e-08,
          -14.081984519958496
        ],
        [
          -0.0,
          0.0,
          -0.0,
          1.0
        ]
      ],
      "camera_to_world": [
        [
          -1.0,
          6.6002361555513294e-15,
          -8.74227694680485e-08,
          0.0
        ],
        [
          -8.742277657347586e-08,
          -7.549790126404332e-08,
          0.9999999403953552,
          14.08198356628418
        ],
        [
          0.0,
          1.0,
          7.549789415861596e-08,
          0.0
        ],
        [
          0.0,
          0.0,
          0.0,
          1.0
        ]
      ]
    },
    {
      "image_id": 2,
      "file_name": "0001.png",
      "camera_id": 1,
      "camera_center_world": [
        -8.306893348693848,
        8.449190139770508,
        7.609794616699219
      ],
      "quaternion_wxyz_world_to_camera": [
        0.18156811594963074,
        0.332400381565094,
        -0.812222957611084,
        0.4436630606651306
      ],
      "translation_world_to_camera": [
        5.849645958733163e-07,
        3.3429944323870586e-07,
        14.081986427307129
      ],
      "world_to_camera": [
        [
          -0.7130860686302185,
          -0.7010766863822937,
          -1.4901164746561335e-08,
          5.849645958733163e-07
        ],
        [
          -0.378856360912323,
          0.38534611463546753,
          -0.8414132595062256,
          3.3429944323870586e-07
        ],
        [
          0.5898952484130859,
          -0.6000000238418579,
          -0.540392279624939,
          14.081986427307129
        ],
        [
          0.0,
          0.0,
          0.0,
          1.0
        ]
      ],
      "blender_world_to_camera": [
        [
          -0.7130860686302185,
          -0.7010766863822937,
          -1.4901164746561335e-08,
          5.849645958733163e-07
        ],
        [
          0.378856360912323,
          -0.38534611463546753,
          0.8414132595062256,
          -3.3429944323870586e-07
        ],
        [
          -0.5898952484130859,
          0.6000000238418579,
          0.540392279624939,
          -14.081986427307129
        ],
        [
          0.0,
          0.0,
          -0.0,
          1.0
        ]
      ],
      "camera_to_world": [
        [
          -0.7130858898162842,
          0.3788563311100006,
          -0.5898950695991516,
          -8.306893348693848
        ],
        [
          -0.7010765671730042,
          -0.38534611463546753,
          0.5999999046325684,
          8.449190139770508
        ],
        [
          -1.8779976684868416e-08,
          0.8414132595062256,
          0.5403921604156494,
          7.609794616699219
        ],
        [
          0.0,
          0.0,
          0.0,
          1.0
        ]
      ]
    },
    {
      "image_id": 3,
      "file_name": "0002.png",
      "camera_id": 1,
      "camera_center_world": [
        1.2062537670135498,
        2.816396713256836,
        -13.744640350341797
      ],
      "quaternion_wxyz_world_to_camera": [
        0.1997450739145279,
        0.021992839872837067,
        0.10721083730459213,
        -0.973716676235199
      ],
      "translation_world_to_camera": [
        1.424598508492636e-06,
        7.794145062689495e-08,
        14.081985473632812
      ],
      "world_to_camera": [
        [
          -0.919236421585083,
          0.39370596408843994,
          8.940696716308594e-08,
          1.424598508492636e-06
        ],
        [
          -0.38427451252937317,
          -0.8972154855728149,
          -0.21757186949253082,
          7.794145062689495e-08
        ],
        [
          -0.08565926551818848,
          -0.20000001788139343,
          0.9760443568229675,
          14.081985473632812
        ],
        [
          0.0,
          0.0,
          0.0,
          1.0
        ]
      ],
      "blender_world_to_camera": [
        [
          -0.919236421585083,
          0.39370596408843994,
          8.940696716308594e-08,
          1.424598508492636e-06
        ],
        [
          0.38427451252937317,
          0.8972154855728149,
          0.21757186949253082,
          -7.794145062689495e-08
        ],
        [
          0.08565926551818848,
          0.20000001788139343,
          -0.9760443568229675,
          -14.081985473632812
        ],
        [
          -0.0,
          -0.0,
          -0.0,
          1.0
        ]
      ],
      "camera_to_world": [
        [
          -0.919236421585083,
          0.38427451252937317,
          0.08565926551818848,
          1.2062537670135498
        ],
        [
          0.39370599389076233,
          0.8972154855728149,
          0.20000001788139343,
          2.816396713256836
        ],
        [
          8.742277657347586e-08,
          0.21757186949253082,
          -0.9760442972183228,
          -13.744640350341797
        ],
        [
          0.0,
          0.0,
          0.0,
          1.0
        ]
      ]
    },
    {
      "image_id": 4,
      "file_name": "0003.png",
      "camera_id": 1,
      "camera_center_world": [
        8.394916534423828,
        -2.816396713256836,
        10.949682235717773
      ],
      "quaternion_wxyz_world_to_camera": [
        0.27073127031326294,
        0.765334963798523,
        0.550495982170105,
        -0.194733664393425
      ],
      "translation_world_to_camera": [
        -5.7828792421332764e-08,
        5.279072183839162e-07,
        14.081985473632812
      ],
      "world_to_camera": [
        [
          0.31806594133377075,
          0.9480684995651245,
          -1.4901161193847656e-08,
          -5.7828792421332764e-08
        ],
        [
          0.7371866106987,
          -0.24731752276420593,
          -0.6288003921508789,
          5.279072183839162e-07
        ],
        [
          -0.5961459279060364,
          0.20000001788139343,
          -0.7775668501853943,
          14.081985473632812
        ],
        [
          0.0,
          0.0,
          0.0,
          1.0
        ]
      ],